target_table,target_column,source_table,source_column,confidence_score,mapping_method,domain,search_time
ACCOUNT_ACH_BATCH_PAYMENT_SUMMARY,ANB_ID,NO_MATCH,NO_MATCH,0.0,no_match,transaction,
ACCOUNT_ACH_BATCH_PAYMENT_SUMMARY,ROW_NUM,NO_MATCH,NO_MATCH,0.0,no_match,transaction,
ACCOUNT_ACH_BATCH_PAYMENT_SUMMARY,PROCESSING_DATE,NO_MATCH,NO_MATCH,0.0,no_match,transaction,
ACCOUNT_ACH_BATCH_PAYMENT_SUMMARY,PAYMENT_ACH_BATCHES,NO_MATCH,NO_MATCH,0.0,no_match,transaction,
ACCOUNT_ACH_BATCH_PAYMENT_SUMMARY,PAYMENT_ACH_ITEMS,NO_MATCH,NO_MATCH,0.0,no_match,transaction,
ACCOUNT_ACH_BATCH_PAYMENT_SUMMARY,PAYMENT_TOTAL_CREDITS,NO_MATCH,NO_MATCH,0.0,no_match,transaction,
ACCOUNT_ACH_BATCH_PAYMENT_SUMMARY,PAYMENT_TOTAL_DEBITS,NO_MATCH,NO_MATCH,0.0,no_match,transaction,
ACCOUNT_ACH_BATCH_PAYMENT_SUMMARY,SFT_ACH_BATCHES,NO_MATCH,NO_MATCH,0.0,no_match,transaction,
ACCOUNT_ACH_BATCH_PAYMENT_SUMMARY,SFT_ACH_ITEMS,NO_MATCH,NO_MATCH,0.0,no_match,transaction,
ACCOUNT_ACH_BATCH_PAYMENT_SUMMARY,SFT_TOTAL_CREDITS,NO_MATCH,NO_MATCH,0.0,no_match,transaction,
ACCOUNT_ACH_BATCH_PAYMENT_SUMMARY,SFT_TOTAL_DEBITS,NO_MATCH,NO_MATCH,0.0,no_match,transaction,
ACCOUNT_ACH_BATCH_PAYMENT_SUMMARY,COMBINED_ACH_BATCHES,NO_MATCH,NO_MATCH,0.0,no_match,transaction,
ACCOUNT_ACH_BATCH_PAYMENT_SUMMARY,COMBINED_ACH_ITEMS,NO_MATCH,NO_MATCH,0.0,no_match,transaction,
ACCOUNT_ACH_BATCH_PAYMENT_SUMMARY,COMBINED_TOTAL_CREDITS,NO_MATCH,NO_MATCH,0.0,no_match,transaction,
ACCOUNT_ACH_BATCH_PAYMENT_SUMMARY,COMBINED_TOTAL_DEBITS,NO_MATCH,NO_MATCH,0.0,no_match,transaction,
ACCOUNT_ACH_BATCH_PAYMENT_SUMMARY,ADT_LOAD_DATE,NO_MATCH,NO_MATCH,0.0,no_match,transaction,
ACCOUNT_ACH_BATCH_PAYMENT_SUMMARY,ADT_FILE_SOURCE,NO_MATCH,NO_MATCH,0.0,no_match,transaction,
ACCOUNT_ACH_BATCH_PAYMENT_SUMMARY,ADT_HASH_KEY,NO_MATCH,NO_MATCH,0.0,no_match,transaction,
ACCOUNT_ANALYSIS_DETAILED_HISTORY,ANB_ID,NO_MATCH,NO_MATCH,0.0,no_match,transaction,
ACCOUNT_ANALYSIS_DETAILED_HISTORY,ANB_SILVERLAKE_DDALIH_ID,WH_RTXNEXCPHIST,ACCTNBR,11.389225125312805,semantic_search,transaction,0.24651336669921875
ACCOUNT_ANALYSIS_DETAILED_HISTORY,ANB_ACCOUNT_ID,NO_MATCH,NO_MATCH,0.0,no_match,transaction,
ACCOUNT_ANALYSIS_DETAILED_HISTORY,ACCOUNT_GROUP_CODE,NO_MATCH,NO_MATCH,0.0,no_match,transaction,
ACCOUNT_ANALYSIS_DETAILED_HISTORY,SERVICE_ITEM_NUMBER,WH_RTXNEXCPHIST,ACCTNBR,15.080240666866302,semantic_search,transaction,0.22563815116882324
ACCOUNT_ANALYSIS_DETAILED_HISTORY,GROUP_NUMBER,NO_MATCH,NO_MATCH,0.0,no_match,transaction,
ACCOUNT_ANALYSIS_DETAILED_HISTORY,ANALYSIS_DATE,NO_MATCH,NO_MATCH,0.0,no_match,transaction,
ACCOUNT_ANALYSIS_DETAILED_HISTORY,AA_TYPE,NO_MATCH,NO_MATCH,0.0,no_match,transaction,
ACCOUNT_ANALYSIS_DETAILED_HISTORY,ITEM_DESCRIPTION,NO_MATCH,NO_MATCH,0.0,no_match,transaction,
ACCOUNT_ANALYSIS_DETAILED_HISTORY,ITEM_CHARGE,NO_MATCH,NO_MATCH,0.0,no_match,transaction,
ACCOUNT_ANALYSIS_DETAILED_HISTORY,TRANSACTION_CHARGE,NO_MATCH,NO_MATCH,0.0,no_match,transaction,
ACCOUNT_ANALYSIS_DETAILED_HISTORY,NUMBER_FREE,WH_RTXNEXCPHIST,ACCTNBR,10.674838125705719,semantic_search,transaction,0.22372794151306152
ACCOUNT_ANALYSIS_DETAILED_HISTORY,DEBIT_CREDIT_CODE,NO_MATCH,NO_MATCH,0.0,no_match,transaction,
ACCOUNT_ANALYSIS_DETAILED_HISTORY,MINIMUM_CHARGE,NO_MATCH,NO_MATCH,0.0,no_match,transaction,
ACCOUNT_ANALYSIS_DETAILED_HISTORY,MAXIMUM_CHARGE,NO_MATCH,NO_MATCH,0.0,no_match,transaction,
ACCOUNT_ANALYSIS_DETAILED_HISTORY,FLAT_CHARGE,NO_MATCH,NO_MATCH,0.0,no_match,transaction,
ACCOUNT_ANALYSIS_DETAILED_HISTORY,TIER_OPTION,NO_MATCH,NO_MATCH,0.0,no_match,transaction,
ACCOUNT_ANALYSIS_DETAILED_HISTORY,NUMBE_AMT_CODE,CARDTXNPARAM,FROMTRANSACTIONDESC,8.431088924407959,semantic_search,transaction,0.20557236671447754
ACCOUNT_ANALYSIS_DETAILED_HISTORY,PRINT_IF_ZERO,NO_MATCH,NO_MATCH,0.0,no_match,transaction,
ACCOUNT_ANALYSIS_DETAILED_HISTORY,CHARGE_TIER1,NO_MATCH,NO_MATCH,0.0,no_match,transaction,
ACCOUNT_ANALYSIS_DETAILED_HISTORY,COUNT_TIER2,NO_MATCH,NO_MATCH,0.0,no_match,transaction,
ACCOUNT_ANALYSIS_DETAILED_HISTORY,CHARGE_TIER2,NO_MATCH,NO_MATCH,0.0,no_match,transaction,
ACCOUNT_ANALYSIS_DETAILED_HISTORY,COUNT_TIER3,NO_MATCH,NO_MATCH,0.0,no_match,transaction,
ACCOUNT_ANALYSIS_DETAILED_HISTORY,CHARGE_TIER3,NO_MATCH,NO_MATCH,0.0,no_match,transaction,
ACCOUNT_ANALYSIS_DETAILED_HISTORY,COUNT_TIER4,NO_MATCH,NO_MATCH,0.0,no_match,transaction,
ACCOUNT_ANALYSIS_DETAILED_HISTORY,CHARGE_TIER4,NO_MATCH,NO_MATCH,0.0,no_match,transaction,
ACCOUNT_ANALYSIS_DETAILED_HISTORY,COUNT_TIER5,NO_MATCH,NO_MATCH,0.0,no_match,transaction,
ACCOUNT_ANALYSIS_DETAILED_HISTORY,CHARGE_TIER5,NO_MATCH,NO_MATCH,0.0,no_match,transaction,
ACCOUNT_ANALYSIS_DETAILED_HISTORY,WAIVE_FEE_INDICATOR,ACCTRTXNSVCGRPPROCESS,EXEMPTCOUNT,9.453188478946686,semantic_search,transaction,0.28398609161376953
ACCOUNT_ANALYSIS_DETAILED_HISTORY,WAIVE_FEE_EXPIRY_DATE,NO_MATCH,NO_MATCH,0.0,no_match,transaction,
ACCOUNT_ANALYSIS_DETAILED_HISTORY,EXCEPTED_PRICING_BEGINNING_DATE,NO_MATCH,NO_MATCH,0.0,no_match,transaction,
ACCOUNT_ANALYSIS_DETAILED_HISTORY,EXCEPTED_PRICING_END_DATE,NO_MATCH,NO_MATCH,0.0,no_match,transaction,
ACCOUNT_ANALYSIS_DETAILED_HISTORY,RECURRING_ITEM,NO_MATCH,NO_MATCH,0.0,no_match,transaction,
ACCOUNT_ANALYSIS_DETAILED_HISTORY,RECURRING_ITEM_EXPIRY_DATE,ACCTSRCIDRTXNRPTGRPLMTHIST,EFFDATE,24.494509100914,semantic_search,transaction,0.20270085334777832
ACCOUNT_ANALYSIS_DETAILED_HISTORY,HARD_SOFT_CHARGE,NO_MATCH,NO_MATCH,0.0,no_match,transaction,
ACCOUNT_ANALYSIS_DETAILED_HISTORY,STATEMENT_OCCURRENCE,NO_MATCH,NO_MATCH,0.0,no_match,transaction,
ACCOUNT_ANALYSIS_DETAILED_HISTORY,CTD_NUMBER_FREE_COUNT,ACCTRTXNSVCGRPPROCESS,TRANSCOUNT,20.61307817697525,semantic_search,transaction,0.20535635948181152
ACCOUNT_ANALYSIS_DETAILED_HISTORY,EXCEPTION_LEVEL,RTXNEXCPHIST,PRINTNOTICEYN,14.537812173366547,semantic_search,transaction,0.19204401969909668
ACCOUNT_ANALYSIS_DETAILED_HISTORY,REQUIRED_BALANCE,NO_MATCH,NO_MATCH,0.0,no_match,transaction,
ACCOUNT_ANALYSIS_DETAILED_HISTORY,TRANSACTION_COUNT,ACCTRTXNSVCGRPPROCESS,TRANSCOUNT,14.469846487045288,semantic_search,transaction,0.24526500701904297
ACCOUNT_ANALYSIS_DETAILED_HISTORY,ANB_BRANCH_DETAIL_ID,NO_MATCH,NO_MATCH,0.0,no_match,transaction,
ACCOUNT_ANALYSIS_DETAILED_HISTORY,OFFICER_CODE,NO_MATCH,NO_MATCH,0.0,no_match,transaction,
ACCOUNT_ANALYSIS_DETAILED_HISTORY,ANALYSIS_PLAN,NO_MATCH,NO_MATCH,0.0,no_match,transaction,
ACCOUNT_ANALYSIS_DETAILED_HISTORY,STATEMENT_GROUP_CODE,NO_MATCH,NO_MATCH,0.0,no_match,transaction,
ACCOUNT_ANALYSIS_DETAILED_HISTORY,GROUP_SERVICE_CODE,NO_MATCH,NO_MATCH,0.0,no_match,transaction,
ACCOUNT_ANALYSIS_DETAILED_HISTORY,ADT_HASH_KEY,NO_MATCH,NO_MATCH,0.0,no_match,transaction,
ACCOUNT_ANALYSIS_DETAILED_HISTORY,ADT_FILE_SOURCE,NO_MATCH,NO_MATCH,0.0,no_match,transaction,
ACCOUNT_ANALYSIS_DETAILED_HISTORY,ADT_LOAD_DATE,NO_MATCH,NO_MATCH,0.0,no_match,transaction,
ACCOUNT_ANALYSIS_HISTORY,ANB_ID,NO_MATCH,NO_MATCH,0.0,no_match,transaction,
ACCOUNT_ANALYSIS_HISTORY,ANB_SILVERLAKE_DDAAHS_ID,WH_RTXNEXCPHIST,ACCTNBR,12.45689183473587,semantic_search,transaction,0.21134710311889648
ACCOUNT_ANALYSIS_HISTORY,ANB_ACCOUNT_ID,NO_MATCH,NO_MATCH,0.0,no_match,transaction,
ACCOUNT_ANALYSIS_HISTORY,ANALYSIS_PLAN,NO_MATCH,NO_MATCH,0.0,no_match,transaction,
ACCOUNT_ANALYSIS_HISTORY,ACCOUNT_NUMBER,WH_RTXNEXCPHIST,ACCTNBR,20.59117615222931,semantic_search,transaction,0.21502470970153809
ACCOUNT_ANALYSIS_HISTORY,ACCOUNT_TYPE,NO_MATCH,NO_MATCH,0.0,no_match,transaction,
ACCOUNT_ANALYSIS_HISTORY,ACCOUNT_GROUP_G_CODE,NO_MATCH,NO_MATCH,0.0,no_match,transaction,
ACCOUNT_ANALYSIS_HISTORY,AGGREGATE_DAYS,NO_MATCH,NO_MATCH,0.0,no_match,transaction,
ACCOUNT_ANALYSIS_HISTORY,AGGREGATE_DAYS_NEGATIVE,ACCTSRCIDRTXNRPTGRPLMTHIST,INACTIVEDATE,6.29643440246582,semantic_search,transaction,0.2828528881072998
ACCOUNT_ANALYSIS_HISTORY,AGGREGATE_DAYS_POSITIVE,RTXNSTATHIST,ACCRADJBALHISTROWEFFDATE,9.953114986419678,semantic_search,transaction,0.26471447944641113
ACCOUNT_ANALYSIS_HISTORY,AVERAGE_LEDGER,CARDTXNACCTSUBACCT,LEDGERBAL,16.05236530303955,semantic_search,transaction,0.23021268844604492
ACCOUNT_ANALYSIS_HISTORY,AVERAGE_COLLECTED,NO_MATCH,NO_MATCH,0.0,no_match,transaction,
ACCOUNT_ANALYSIS_HISTORY,AVERAGE_COLLECTED_NEGATIVE,NO_MATCH,NO_MATCH,0.0,no_match,transaction,
ACCOUNT_ANALYSIS_HISTORY,AVERAGE_COLLECTED_POSITIVE,NO_MATCH,NO_MATCH,0.0,no_match,transaction,
ACCOUNT_ANALYSIS_HISTORY,CARRYOVER_USED,NO_MATCH,NO_MATCH,0.0,no_match,transaction,
ACCOUNT_ANALYSIS_HISTORY,CHARGE_ACCCOUNT_NUMBER,NO_MATCH,NO_MATCH,0.0,no_match,transaction,
ACCOUNT_ANALYSIS_HISTORY,CHARGE_WAIVE_CODE,NO_MATCH,NO_MATCH,0.0,no_match,transaction,
ACCOUNT_ANALYSIS_HISTORY,CHARGED_AT_CLOSING,NO_MATCH,NO_MATCH,0.0,no_match,transaction,
ACCOUNT_ANALYSIS_HISTORY,COMPENSATING_BALANCE,RTXNSTATHIST,ACCRADJBALHISTROWEFFDATE,13.523261547088623,semantic_search,transaction,0.21781420707702637
ACCOUNT_ANALYSIS_HISTORY,ANALYSIS_DATE,NO_MATCH,NO_MATCH,0.0,no_match,transaction,
ACCOUNT_ANALYSIS_HISTORY,ALTERNATE_ANALYSIS_DATE,NO_MATCH,NO_MATCH,0.0,no_match,transaction,
ACCOUNT_ANALYSIS_HISTORY,EARNINGS,NO_MATCH,NO_MATCH,0.0,no_match,transaction,
ACCOUNT_ANALYSIS_HISTORY,EARNINGS_BALANCE_NEGATIVE,NO_MATCH,NO_MATCH,0.0,no_match,transaction,
ACCOUNT_ANALYSIS_HISTORY,EARNINGS_BALANCE_POSTIVE,NO_MATCH,NO_MATCH,0.0,no_match,transaction,
ACCOUNT_ANALYSIS_HISTORY,EARNINGS_RATE,NO_MATCH,NO_MATCH,0.0,no_match,transaction,
ACCOUNT_ANALYSIS_HISTORY,EARNINGS_RATE_NEGATIVE,NO_MATCH,NO_MATCH,0.0,no_match,transaction,
ACCOUNT_ANALYSIS_HISTORY,EARNINGS_RATE_POSTIVE,NO_MATCH,NO_MATCH,0.0,no_match,transaction,
ACCOUNT_ANALYSIS_HISTORY,EXCESS_EARNINGS_INTEREST_PAID,NO_MATCH,NO_MATCH,0.0,no_match,transaction,
ACCOUNT_ANALYSIS_HISTORY,GROUP_NUMBER,NO_MATCH,NO_MATCH,0.0,no_match,transaction,
ACCOUNT_ANALYSIS_HISTORY,INQUIRIES,NO_MATCH,NO_MATCH,0.0,no_match,transaction,
ACCOUNT_ANALYSIS_HISTORY,INTEREST_PAID,NO_MATCH,NO_MATCH,0.0,no_match,transaction,
ACCOUNT_ANALYSIS_HISTORY,INVESTMENT_BALANCE,NO_MATCH,NO_MATCH,0.0,no_match,transaction,
ACCOUNT_ANALYSIS_HISTORY,NUMBER_OF_CREDITS,NO_MATCH,NO_MATCH,0.0,no_match,transaction,
ACCOUNT_ANALYSIS_HISTORY,NUMBER_OF_DEBITS,FUNDTRANSFERDEBIT,DEBITAMT,9.616088271141052,semantic_search,transaction,0.28582262992858887
ACCOUNT_ANALYSIS_HISTORY,OVERDRAFT_INTEREST,NO_MATCH,NO_MATCH,0.0,no_match,transaction,
ACCOUNT_ANALYSIS_HISTORY,NUMBER_OF_ON_US_DEP,NO_MATCH,NO_MATCH,0.0,no_match,transaction,
ACCOUNT_ANALYSIS_HISTORY,PROFIT,NO_MATCH,NO_MATCH,0.0,no_match,transaction,
ACCOUNT_ANALYSIS_HISTORY,REQUIRED_BALANCE,NO_MATCH,NO_MATCH,0.0,no_match,transaction,
ACCOUNT_ANALYSIS_HISTORY,RESERVES,NO_MATCH,NO_MATCH,0.0,no_match,transaction,
ACCOUNT_ANALYSIS_HISTORY,RESERVE_RATE,NO_MATCH,NO_MATCH,0.0,no_match,transaction,
ACCOUNT_ANALYSIS_HISTORY,SERVICE_CHARGE,NO_MATCH,NO_MATCH,0.0,no_match,transaction,
ACCOUNT_ANALYSIS_HISTORY,REGULAR_STATMENTS,NO_MATCH,NO_MATCH,0.0,no_match,transaction,
ACCOUNT_ANALYSIS_HISTORY,SPECIAL_STATMENTS,RTXNSTATHIST,SYS_NC00017$,19.290769398212433,semantic_search,transaction,0.25658464431762695
ACCOUNT_ANALYSIS_HISTORY,TEMPORARY_STATMENTS,RTXNSTATHIST,SYS_NC00017$,15.861610472202301,semantic_search,transaction,0.22394895553588867
ACCOUNT_ANALYSIS_HISTORY,STOPS_HOLDS,NO_MATCH,NO_MATCH,0.0,no_match,transaction,
ACCOUNT_ANALYSIS_HISTORY,TOTAL_CHARGES,ACCTRTXNSVCGRPPROCESS,TRANSCOUNT,9.877488911151886,semantic_search,transaction,0.294219970703125
ACCOUNT_ANALYSIS_HISTORY,NUMBER_OF_TRANSIT_1,RTXN,TRANAMT,12.59705364704132,semantic_search,transaction,0.23389530181884766
ACCOUNT_ANALYSIS_HISTORY,NUMBER_OF_TRANSIT_2,RTXN,TRANAMT,9.982586205005646,semantic_search,transaction,0.2922348976135254
ACCOUNT_ANALYSIS_HISTORY,NUMBER_OF_TRANSIT_3,RTXN,TRANAMT,11.01990520954132,semantic_search,transaction,0.2650325298309326
ACCOUNT_ANALYSIS_HISTORY,NUMBER_OF_TRANSIT_4,RTXN,TRANAMT,11.5497487783432,semantic_search,transaction,0.2427828311920166
ACCOUNT_ANALYSIS_HISTORY,NUMBER_OF_TRANSIT_5,RTXN,TRANAMT,11.932241320610046,semantic_search,transaction,0.23268342018127441
ACCOUNT_ANALYSIS_HISTORY,TECH_SERV_USE_CHAR3_1,CARDTXNPARAM,FROMTRANSACTIONDESC,10.394646227359772,semantic_search,transaction,0.26017260551452637
ACCOUNT_ANALYSIS_HISTORY,TECH_SERV_USE_CHAR3_2,CARDTXNPARAM,FROMTRANSACTIONDESC,12.608128786087036,semantic_search,transaction,0.2385845184326172
ACCOUNT_ANALYSIS_HISTORY,TECH_SERV_USE_CHAR3_3,CARDTXNPARAM,FROMTRANSACTIONDESC,9.551983177661896,semantic_search,transaction,0.23599743843078613
ACCOUNT_ANALYSIS_HISTORY,TECH_SERV_USE_CHAR3_4,CARDTXNPARAM,FROMTRANSACTIONDESC,9.7673961520195,semantic_search,transaction,0.25023961067199707
ACCOUNT_ANALYSIS_HISTORY,TECH_SERV_USE_CHAR3_5,CARDTXNPARAM,FROMTRANSACTIONDESC,10.063526928424835,semantic_search,transaction,0.24013257026672363
ACCOUNT_ANALYSIS_HISTORY,TECH_SERV_USE_AMOUNT_1,NO_MATCH,NO_MATCH,0.0,no_match,transaction,
ACCOUNT_ANALYSIS_HISTORY,TECH_SERV_USE_AMOUNT_2,NO_MATCH,NO_MATCH,0.0,no_match,transaction,
ACCOUNT_ANALYSIS_HISTORY,TECH_SERV_USE_AMOUNT_3,NO_MATCH,NO_MATCH,0.0,no_match,transaction,
ACCOUNT_ANALYSIS_HISTORY,TECH_SERV_USE_AMOUNT_4,NO_MATCH,NO_MATCH,0.0,no_match,transaction,
ACCOUNT_ANALYSIS_HISTORY,TECH_SERV_USE_AMOUNT_5,NO_MATCH,NO_MATCH,0.0,no_match,transaction,
ACCOUNT_ANALYSIS_HISTORY,TECH_SERV_USE_DATE_1,NO_MATCH,NO_MATCH,0.0,no_match,transaction,
ACCOUNT_ANALYSIS_HISTORY,TECH_SERV_USE_DATE_2,NO_MATCH,NO_MATCH,0.0,no_match,transaction,
ACCOUNT_ANALYSIS_HISTORY,TECH_SERV_USE_DATE_3,NO_MATCH,NO_MATCH,0.0,no_match,transaction,
ACCOUNT_ANALYSIS_HISTORY,TECH_SERV_USE_DATE_4,RTXN,ORIGPOSTDATE,15.799349546432495,semantic_search,transaction,0.21697664260864258
ACCOUNT_ANALYSIS_HISTORY,TECH_SERV_USE_DATE_5,RTXN,ORIGPOSTDATE,14.255239069461823,semantic_search,transaction,0.2198476791381836
ACCOUNT_ANALYSIS_HISTORY,ACCOUNT_ANALYSIS_TYPE,NO_MATCH,NO_MATCH,0.0,no_match,transaction,
ACCOUNT_ANALYSIS_HISTORY,CHARGE_LOSS_EXPIRATION_DATE,NO_MATCH,NO_MATCH,0.0,no_match,transaction,
ACCOUNT_ANALYSIS_HISTORY,ALTERNATE_CHARGE_LOSS_EXPIRATION_DATE,NO_MATCH,NO_MATCH,0.0,no_match,transaction,
ACCOUNT_ANALYSIS_HISTORY,ADT_LOAD_DATE,ACCTSRCIDRTXNRPTGRPLMTHIST,INACTIVEDATE,19.03726726770401,semantic_search,transaction,0.2162487506866455
ACCOUNT_ANALYSIS_HISTORY,ADT_FILE_SOURCE,NO_MATCH,NO_MATCH,0.0,no_match,transaction,
ACCOUNT_ANALYSIS_HISTORY,ADT_HASH_KEY,NO_MATCH,NO_MATCH,0.0,no_match,transaction,
ACCOUNT_ANALYSIS_HISTORY,DBT_SCD_ID,WH_RTXNEXCPHIST,ACCTNBR,3.7109163403511047,semantic_search,transaction,0.24272727966308594
ACCOUNT_ANALYSIS_HISTORY,DBT_UPDATED_AT,NO_MATCH,NO_MATCH,0.0,no_match,transaction,
ACCOUNT_ANALYSIS_HISTORY,DBT_VALID_FROM,WH_RTXNEXCPHIST,ACCTNBR,10.520632266998291,semantic_search,transaction,0.22037506103515625
ACCOUNT_ANALYSIS_HISTORY,DBT_VALID_TO,NO_MATCH,NO_MATCH,0.0,no_match,transaction,
ACCOUNT_ANALYSIS_HISTORY,RECORD_SK,NO_MATCH,NO_MATCH,0.0,no_match,transaction,
ACCOUNT_ANALYSIS_ITEM_TRANSACTION,ANB_ID,TRANSACTION,ACCTNBR,9.11284327507019,semantic_search,transaction,0.23090338706970215
ACCOUNT_ANALYSIS_ITEM_TRANSACTION,ANB_SILVERLAKE_DDAATH_ID,ACCTSRCIDRTXNRPTGRPLMTHIST,ACCTNBR,9.74259614944458,semantic_search,transaction,0.2153329849243164
ACCOUNT_ANALYSIS_ITEM_TRANSACTION,ANB_ACCOUNT_ID,TRANSACTION,ACCTNBR,5.422876477241516,semantic_search,transaction,0.25067782402038574
ACCOUNT_ANALYSIS_ITEM_TRANSACTION,ROW_NUM,NO_MATCH,NO_MATCH,0.0,no_match,transaction,
ACCOUNT_ANALYSIS_ITEM_TRANSACTION,BATCH_NUMBER,NO_MATCH,NO_MATCH,0.0,no_match,transaction,
ACCOUNT_ANALYSIS_ITEM_TRANSACTION,SEQUENCE_NUMBER,NO_MATCH,NO_MATCH,0.0,no_match,transaction,
ACCOUNT_ANALYSIS_ITEM_TRANSACTION,ACCOUNT_NUMBER,NO_MATCH,NO_MATCH,0.0,no_match,transaction,
ACCOUNT_ANALYSIS_ITEM_TRANSACTION,ACCOUNT_TYPE,NO_MATCH,NO_MATCH,0.0,no_match,transaction,
ACCOUNT_ANALYSIS_ITEM_TRANSACTION,ITEM_NUMBER,TRANSACTION,ACCTNBR,15.185814201831818,semantic_search,transaction,0.22951388359069824
ACCOUNT_ANALYSIS_ITEM_TRANSACTION,ITEM_COUNT,ACCTRTXNSVCGRPPROCESS,TRANSCOUNT,13.856736719608307,semantic_search,transaction,0.23371505737304688
ACCOUNT_ANALYSIS_ITEM_TRANSACTION,ITEM_CHARGE,NO_MATCH,NO_MATCH,0.0,no_match,transaction,
ACCOUNT_ANALYSIS_ITEM_TRANSACTION,INPUT_DATE,BILLPAYTXNBCBILLPMTREV,EFFDATE,19.98918205499649,semantic_search,transaction,0.27139878273010254
ACCOUNT_ANALYSIS_ITEM_TRANSACTION,LAST_ANALYSIS_DATE,ACCTSRCIDRTXNRPTGRPLMTHIST,DATELASTMAINT,26.106615662574768,semantic_search,transaction,0.22542572021484375
ACCOUNT_ANALYSIS_ITEM_TRANSACTION,NEXT_ANALYSIS_DATE,NO_MATCH,NO_MATCH,0.0,no_match,transaction,
ACCOUNT_ANALYSIS_ITEM_TRANSACTION,ADT_LOAD_DATE,ACCTSRCIDRTXNRPTGRPLMTHIST,EFFDATE,21.213136911392212,semantic_search,transaction,0.2698099613189697
ACCOUNT_ANALYSIS_ITEM_TRANSACTION,ADT_FILE_SOURCE,ACCTSRCIDRTXNRPTGRPLMTHIST,ACCTNBR,1.0635071992874146,semantic_search,transaction,0.25504136085510254
ACCOUNT_ANALYSIS_ITEM_TRANSACTION,ADT_HASH_KEY,NO_MATCH,NO_MATCH,0.0,no_match,transaction,
ACCOUNT_ASSETS_PRICE_HISTORY,ANB_ID,NO_MATCH,NO_MATCH,0.0,no_match,transaction,
ACCOUNT_ASSETS_PRICE_HISTORY,ANB_ASSET_PRICE_HISTORY_ID,NO_MATCH,NO_MATCH,0.0,no_match,transaction,
ACCOUNT_ASSETS_PRICE_HISTORY,ANB_ASSET_ID,NO_MATCH,NO_MATCH,0.0,no_match,transaction,
ACCOUNT_ASSETS_PRICE_HISTORY,PRICE_HISTORY_ID,NO_MATCH,NO_MATCH,0.0,no_match,transaction,
ACCOUNT_ASSETS_PRICE_HISTORY,PRICE,NO_MATCH,NO_MATCH,0.0,no_match,transaction,
ACCOUNT_ASSETS_PRICE_HISTORY,VOLUME,NO_MATCH,NO_MATCH,0.0,no_match,transaction,
ACCOUNT_ASSETS_PRICE_HISTORY,ASK_PRICE,NO_MATCH,NO_MATCH,0.0,no_match,transaction,
ACCOUNT_ASSETS_PRICE_HISTORY,BID_PRICE,NO_MATCH,NO_MATCH,0.0,no_match,transaction,
ACCOUNT_ASSETS_PRICE_HISTORY,PRICING_SOURCE_ID,NO_MATCH,NO_MATCH,0.0,no_match,transaction,
ACCOUNT_ASSETS_PRICE_HISTORY,EFFECTIVE_FROM_DATE,NO_MATCH,NO_MATCH,0.0,no_match,transaction,
ACCOUNT_ASSETS_PRICE_HISTORY,CREATED_DATE,WH_RTXN,ORIGPOSTDATE,3.6401286721229553,semantic_search,transaction,0.24802112579345703
ACCOUNT_ASSETS_PRICE_HISTORY,MODIFIED_DATE,NO_MATCH,NO_MATCH,0.0,no_match,transaction,
ACCOUNT_ASSETS_PRICE_HISTORY,MODIFIED_BY,NO_MATCH,NO_MATCH,0.0,no_match,transaction,
ACCOUNT_ASSETS_PRICE_HISTORY,ASSET_CODE,NO_MATCH,NO_MATCH,0.0,no_match,transaction,
ACCOUNT_ASSETS_PRICE_HISTORY,ASSET_ID,NO_MATCH,NO_MATCH,0.0,no_match,transaction,
ACCOUNT_ASSETS_PRICE_HISTORY,EFFECTIVE_TO_DATE,NO_MATCH,NO_MATCH,0.0,no_match,transaction,
ACCOUNT_ASSETS_PRICE_HISTORY,ADT_LOAD_DATE,NO_MATCH,NO_MATCH,0.0,no_match,transaction,
ACCOUNT_ASSETS_PRICE_HISTORY,ADT_FILE_SOURCE,NO_MATCH,NO_MATCH,0.0,no_match,transaction,
ACCOUNT_ASSETS_PRICE_HISTORY,ADT_HASH_KEY,NO_MATCH,NO_MATCH,0.0,no_match,transaction,
ACCOUNT_ASSETS_PRICE_HISTORY,DBT_SCD_ID,NO_MATCH,NO_MATCH,0.0,no_match,transaction,
ACCOUNT_ASSETS_PRICE_HISTORY,DBT_UPDATED_AT,NO_MATCH,NO_MATCH,0.0,no_match,transaction,
ACCOUNT_ASSETS_PRICE_HISTORY,DBT_VALID_FROM,NO_MATCH,NO_MATCH,0.0,no_match,transaction,
ACCOUNT_ASSETS_PRICE_HISTORY,DBT_VALID_TO,NO_MATCH,NO_MATCH,0.0,no_match,transaction,
ACCOUNT_ASSETS_PRICE_HISTORY,RECORD_SK,NO_MATCH,NO_MATCH,0.0,no_match,transaction,
ACCOUNT_ASSETS_QUALITY_RATING_HISTORY,ANB_ID,NO_MATCH,NO_MATCH,0.0,no_match,transaction,
ACCOUNT_ASSETS_QUALITY_RATING_HISTORY,ANB_ASSET_QUALITY_RATING_HISTORY_ID,NO_MATCH,NO_MATCH,0.0,no_match,transaction,
ACCOUNT_ASSETS_QUALITY_RATING_HISTORY,ANB_ASSET_ID,NO_MATCH,NO_MATCH,0.0,no_match,transaction,
ACCOUNT_ASSETS_QUALITY_RATING_HISTORY,QUALITY_RATING_HISTORY_ID,NO_MATCH,NO_MATCH,0.0,no_match,transaction,
ACCOUNT_ASSETS_QUALITY_RATING_HISTORY,QUALITY_RATING_SOURCE_ID,NO_MATCH,NO_MATCH,0.0,no_match,transaction,
ACCOUNT_ASSETS_QUALITY_RATING_HISTORY,QUALITY_RATING,NO_MATCH,NO_MATCH,0.0,no_match,transaction,
ACCOUNT_ASSETS_QUALITY_RATING_HISTORY,EFFECTIVE_FROM_DATE,NO_MATCH,NO_MATCH,0.0,no_match,transaction,
ACCOUNT_ASSETS_QUALITY_RATING_HISTORY,CREATED_DATE,NO_MATCH,NO_MATCH,0.0,no_match,transaction,
ACCOUNT_ASSETS_QUALITY_RATING_HISTORY,MODIFIED_DATE,NO_MATCH,NO_MATCH,0.0,no_match,transaction,
ACCOUNT_ASSETS_QUALITY_RATING_HISTORY,MODIFIED_BY,NO_MATCH,NO_MATCH,0.0,no_match,transaction,
ACCOUNT_ASSETS_QUALITY_RATING_HISTORY,ASSET_CODE,NO_MATCH,NO_MATCH,0.0,no_match,transaction,
ACCOUNT_ASSETS_QUALITY_RATING_HISTORY,ASSET_ID,NO_MATCH,NO_MATCH,0.0,no_match,transaction,
ACCOUNT_ASSETS_QUALITY_RATING_HISTORY,EFFECTIVE_TO_DATE,NO_MATCH,NO_MATCH,0.0,no_match,transaction,
ACCOUNT_ASSETS_QUALITY_RATING_HISTORY,ADT_LOAD_DATE,NO_MATCH,NO_MATCH,0.0,no_match,transaction,
ACCOUNT_ASSETS_QUALITY_RATING_HISTORY,ADT_HASH_KEY,NO_MATCH,NO_MATCH,0.0,no_match,transaction,
ACCOUNT_ASSETS_QUALITY_RATING_HISTORY,ADT_FILE_SOURCE,NO_MATCH,NO_MATCH,0.0,no_match,transaction,
ACCOUNT_ASSETS_QUALITY_RATING_HISTORY,DBT_SCD_ID,NO_MATCH,NO_MATCH,0.0,no_match,transaction,
ACCOUNT_ASSETS_QUALITY_RATING_HISTORY,DBT_UPDATED_AT,NO_MATCH,NO_MATCH,0.0,no_match,transaction,
ACCOUNT_ASSETS_QUALITY_RATING_HISTORY,DBT_VALID_FROM,NO_MATCH,NO_MATCH,0.0,no_match,transaction,
ACCOUNT_ASSETS_QUALITY_RATING_HISTORY,DBT_VALID_TO,NO_MATCH,NO_MATCH,0.0,no_match,transaction,
ACCOUNT_ASSETS_QUALITY_RATING_HISTORY,RECORD_SK,NO_MATCH,NO_MATCH,0.0,no_match,transaction,
ACCOUNT_DEMAND_DEPOSIT_DAILY_BALANCE_HISTORY,ANB_ID,NO_MATCH,NO_MATCH,0.0,no_match,transaction,
ACCOUNT_DEMAND_DEPOSIT_DAILY_BALANCE_HISTORY,ANB_SILVERLAKE_DDBALH_T_ID,NO_MATCH,NO_MATCH,0.0,no_match,transaction,
ACCOUNT_DEMAND_DEPOSIT_DAILY_BALANCE_HISTORY,ANB_ACCOUNT_ID,NO_MATCH,NO_MATCH,0.0,no_match,transaction,
ACCOUNT_DEMAND_DEPOSIT_DAILY_BALANCE_HISTORY,HISTORY_STATUS,NO_MATCH,NO_MATCH,0.0,no_match,transaction,
ACCOUNT_DEMAND_DEPOSIT_DAILY_BALANCE_HISTORY,ACCOUNT_NUMBER,NO_MATCH,NO_MATCH,0.0,no_match,transaction,
ACCOUNT_DEMAND_DEPOSIT_DAILY_BALANCE_HISTORY,ACCOUNT_TYPE,NO_MATCH,NO_MATCH,0.0,no_match,transaction,
ACCOUNT_DEMAND_DEPOSIT_DAILY_BALANCE_HISTORY,HISTORY_DATE,NO_MATCH,NO_MATCH,0.0,no_match,transaction,
ACCOUNT_DEMAND_DEPOSIT_DAILY_BALANCE_HISTORY,CURRENT_BALANCE,NO_MATCH,NO_MATCH,0.0,no_match,transaction,
ACCOUNT_DEMAND_DEPOSIT_DAILY_BALANCE_HISTORY,COLLECTED_BALANCE,NO_MATCH,NO_MATCH,0.0,no_match,transaction,
ACCOUNT_DEMAND_DEPOSIT_DAILY_BALANCE_HISTORY,AVAILABLE_BALANCE,NO_MATCH,NO_MATCH,0.0,no_match,transaction,
ACCOUNT_DEMAND_DEPOSIT_DAILY_BALANCE_HISTORY,ACCRUAL_LEDGER_BALANCE,NO_MATCH,NO_MATCH,0.0,no_match,transaction,
ACCOUNT_DEMAND_DEPOSIT_DAILY_BALANCE_HISTORY,ACCRUAL_COLLECTED_BALANCE,NO_MATCH,NO_MATCH,0.0,no_match,transaction,
ACCOUNT_DEMAND_DEPOSIT_DAILY_BALANCE_HISTORY,ACCRUAL_AVAILABLE_BALANCE,NO_MATCH,NO_MATCH,0.0,no_match,transaction,
ACCOUNT_DEMAND_DEPOSIT_DAILY_BALANCE_HISTORY,INTEREST_BEARING,NO_MATCH,NO_MATCH,0.0,no_match,transaction,
ACCOUNT_DEMAND_DEPOSIT_DAILY_BALANCE_HISTORY,DAYS_REMAINING,NO_MATCH,NO_MATCH,0.0,no_match,transaction,
ACCOUNT_DEMAND_DEPOSIT_DAILY_BALANCE_HISTORY,END_OF_MONTH,NO_MATCH,NO_MATCH,0.0,no_match,transaction,
ACCOUNT_DEMAND_DEPOSIT_DAILY_BALANCE_HISTORY,PROCESSING_DAY,NO_MATCH,NO_MATCH,0.0,no_match,transaction,
ACCOUNT_DEMAND_DEPOSIT_DAILY_BALANCE_HISTORY,INTEREST_RATE,NO_MATCH,NO_MATCH,0.0,no_match,transaction,
ACCOUNT_DEMAND_DEPOSIT_DAILY_BALANCE_HISTORY,CARD_OPT_IN_FSLASH_OUT_CURRENT_BUSINESS,NO_MATCH,NO_MATCH,0.0,no_match,transaction,
ACCOUNT_DEMAND_DEPOSIT_DAILY_BALANCE_HISTORY,ORIGINAL_CURRENT_BALANCE,NO_MATCH,NO_MATCH,0.0,no_match,transaction,
ACCOUNT_DEMAND_DEPOSIT_DAILY_BALANCE_HISTORY,ADT_HASH_KEY,NO_MATCH,NO_MATCH,0.0,no_match,transaction,
ACCOUNT_DEMAND_DEPOSIT_DAILY_BALANCE_HISTORY,ADT_FILE_SOURCE,NO_MATCH,NO_MATCH,0.0,no_match,transaction,
ACCOUNT_DEMAND_DEPOSIT_DAILY_BALANCE_HISTORY,ADT_LOAD_DATE,NO_MATCH,NO_MATCH,0.0,no_match,transaction,
ACCOUNT_ELECTRONIC_FUND_TRANSACTION_DESCRIPTION,ANB_ID,FUNDTRANSFERCREDIT,RTXNNBR,11.761990189552307,semantic_search,transaction,0.277235746383667
ACCOUNT_ELECTRONIC_FUND_TRANSACTION_DESCRIPTION,ANB_SILVERLAKE_DDEFTHV1_ID,RTXNFUNDTYP,ACCTNBR,7.876875996589661,semantic_search,transaction,0.24697256088256836
ACCOUNT_ELECTRONIC_FUND_TRANSACTION_DESCRIPTION,ANB_ACCOUNT_ID,FUNDTRANSFERCREDIT,ACCTNBR,9.621002674102783,semantic_search,transaction,0.27587032318115234
ACCOUNT_ELECTRONIC_FUND_TRANSACTION_DESCRIPTION,ROW_NUM,FUNDTRANSFERCREDIT,TXNREFERENCE,21.715844869613647,semantic_search,transaction,0.2785365581512451
ACCOUNT_ELECTRONIC_FUND_TRANSACTION_DESCRIPTION,RECORD_KEY,CASHBOXTXNFUNDTYP,CASHBOXTXNNBR,12.465104460716248,semantic_search,transaction,0.24034428596496582
ACCOUNT_ELECTRONIC_FUND_TRANSACTION_DESCRIPTION,FORN_KEY,RTXNFUNDTYP,ACCTNBR,16.327647864818573,semantic_search,transaction,0.22439336776733398
ACCOUNT_ELECTRONIC_FUND_TRANSACTION_DESCRIPTION,ACCOUNT_NUMBER,RTXNFUNDTYP,ACCTNBR,17.706061899662018,semantic_search,transaction,0.26802515983581543
ACCOUNT_ELECTRONIC_FUND_TRANSACTION_DESCRIPTION,ACCOUNT_TYPE,NO_MATCH,NO_MATCH,0.0,no_match,transaction,
ACCOUNT_ELECTRONIC_FUND_TRANSACTION_DESCRIPTION,TRANSACTION_KEY,CASHBOXTXNFUNDTYP,CASHBOXTXNNBR,10.026831030845642,semantic_search,transaction,0.27289891242980957
ACCOUNT_ELECTRONIC_FUND_TRANSACTION_DESCRIPTION,TRANSACTION_DESCRIPTION,NO_MATCH,NO_MATCH,0.0,no_match,transaction,
ACCOUNT_ELECTRONIC_FUND_TRANSACTION_DESCRIPTION,ROW_MAINTENANCE,NO_MATCH,NO_MATCH,0.0,no_match,transaction,
ACCOUNT_ELECTRONIC_FUND_TRANSACTION_DESCRIPTION,TRANSACTION_STATUS,NO_MATCH,NO_MATCH,0.0,no_match,transaction,
ACCOUNT_ELECTRONIC_FUND_TRANSACTION_DESCRIPTION,INPUT_SOURCE,FUNDTRANSFERCREDIT,TXNREFERENCE,13.45825970172882,semantic_search,transaction,0.2704622745513916
ACCOUNT_ELECTRONIC_FUND_TRANSACTION_DESCRIPTION,LAST_MAINTENANCE_TIMESTAMP,FUNDTRANSFERSTATHIST,DATELASTMAINT,23.218664228916168,semantic_search,transaction,0.23996281623840332
ACCOUNT_ELECTRONIC_FUND_TRANSACTION_DESCRIPTION,ADT_LOAD_DATE,FUNDTRANSFERDEBIT,INSTRDATE,21.99645221233368,semantic_search,transaction,0.27326273918151855
ACCOUNT_ELECTRONIC_FUND_TRANSACTION_DESCRIPTION,ADT_FILE_SOURCE,NO_MATCH,NO_MATCH,0.0,no_match,transaction,
ACCOUNT_ELECTRONIC_FUND_TRANSACTION_DESCRIPTION,ADT_HASH_KEY,CASHBOXTXNFUNDTYP,CASHBOXTXNNBR,3.276711106300354,semantic_search,transaction,0.24090862274169922
ACCOUNT_ELECTRONIC_FUND_TRANSFER_TRANSACTION_HISTORY,ANB_ID,FUNDTRANSFERCREDIT,RTXNNBR,4.975260496139526,semantic_search,transaction,0.2564399242401123
ACCOUNT_ELECTRONIC_FUND_TRANSFER_TRANSACTION_HISTORY,ANB_SILVERLAKE_DDEFTH_ID,NO_MATCH,NO_MATCH,0.0,no_match,transaction,
ACCOUNT_ELECTRONIC_FUND_TRANSFER_TRANSACTION_HISTORY,ANB_ACCOUNT_ID,FUNDTRANSFERDEBIT,ACCTNBR,4.8225390911102295,semantic_search,transaction,0.2534351348876953
ACCOUNT_ELECTRONIC_FUND_TRANSFER_TRANSACTION_HISTORY,RECORD_ID,FUNDTRANSFERSTATHIST,EFFDATETIME,4.394702315330505,semantic_search,transaction,0.2704756259918213
ACCOUNT_ELECTRONIC_FUND_TRANSFER_TRANSACTION_HISTORY,EFT_CODE,FUNDTRANSFERCREDIT,EXECDATE,0.4795140027999878,semantic_search,transaction,0.2864875793457031
ACCOUNT_ELECTRONIC_FUND_TRANSFER_TRANSACTION_HISTORY,RECORD_KEY,FUNDTRANSFERSTATHIST,EFFDATETIME,6.112402677536011,semantic_search,transaction,0.2749760150909424
ACCOUNT_ELECTRONIC_FUND_TRANSFER_TRANSACTION_HISTORY,DESCRIPTION_1,FUNDTRANSFERCREDIT,TXNREFERENCE,10.328894555568695,semantic_search,transaction,0.2439572811126709
ACCOUNT_ELECTRONIC_FUND_TRANSFER_TRANSACTION_HISTORY,DESCRIPTION_2,FUNDTRANSFERCREDIT,TXNREFERENCE,10.70070207118988,semantic_search,transaction,0.2630596160888672
ACCOUNT_ELECTRONIC_FUND_TRANSFER_TRANSACTION_HISTORY,ACCOUNT_NUMBER,NO_MATCH,NO_MATCH,0.0,no_match,transaction,
ACCOUNT_ELECTRONIC_FUND_TRANSFER_TRANSACTION_HISTORY,ACCOUNT_TYPE,NO_MATCH,NO_MATCH,0.0,no_match,transaction,
ACCOUNT_ELECTRONIC_FUND_TRANSFER_TRANSACTION_HISTORY,TRANSACTION_CODE,FUNDTRANSFERCREDIT,TXNREFERENCE,1.3714122772216797,semantic_search,transaction,0.23470354080200195
ACCOUNT_ELECTRONIC_FUND_TRANSFER_TRANSACTION_HISTORY,TRANSACTION_AMOUNT,FUNDTRANSFERCREDIT,TXNREFERENCE,7.18547523021698,semantic_search,transaction,0.23055243492126465
ACCOUNT_ELECTRONIC_FUND_TRANSFER_TRANSACTION_HISTORY,ADT_HASH_KEY,FUNDTRANSFERSTATHIST,EFFDATETIME,0.9316340088844299,semantic_search,transaction,0.23450350761413574
ACCOUNT_ELECTRONIC_FUND_TRANSFER_TRANSACTION_HISTORY,ADT_FILE_SOURCE,FUNDTRANSFERDEBIT,INSTRDATE,6.335415244102478,semantic_search,transaction,0.24140048027038574
ACCOUNT_ELECTRONIC_FUND_TRANSFER_TRANSACTION_HISTORY,ADT_LOAD_DATE,FUNDTRANSFERSTATHIST,EFFDATETIME,22.33752191066742,semantic_search,transaction,0.23952507972717285
ACCOUNT_LOAN_BILL_PAYMENTS,ANB_ID,NO_MATCH,NO_MATCH,0.0,no_match,transaction,
ACCOUNT_LOAN_BILL_PAYMENTS,ANB_SILVERLAKE_LNBILL_ID,NO_MATCH,NO_MATCH,0.0,no_match,transaction,
ACCOUNT_LOAN_BILL_PAYMENTS,ANB_ACCOUNT_ID,NO_MATCH,NO_MATCH,0.0,no_match,transaction,
ACCOUNT_LOAN_BILL_PAYMENTS,ACCOUNT_NUMBER,NO_MATCH,NO_MATCH,0.0,no_match,transaction,
ACCOUNT_LOAN_BILL_PAYMENTS,ACCOUNT_TYPE,NO_MATCH,NO_MATCH,0.0,no_match,transaction,
ACCOUNT_LOAN_BILL_PAYMENTS,BILLING_DATE,BILLPAYTXNBCHOSTBILLPMTREV,REQUESTDATE,31.1150661110878,semantic_search,transaction,0.24473834037780762
ACCOUNT_LOAN_BILL_PAYMENTS,ORIGINAL_PRINCIPAL,NO_MATCH,NO_MATCH,0.0,no_match,transaction,
ACCOUNT_LOAN_BILL_PAYMENTS,ORIGINAL_INTEREST,NO_MATCH,NO_MATCH,0.0,no_match,transaction,
ACCOUNT_LOAN_BILL_PAYMENTS,ORIGINAL_TOTAL,NO_MATCH,NO_MATCH,0.0,no_match,transaction,
ACCOUNT_LOAN_BILL_PAYMENTS,REMAINING_PRINCIPAL,NO_MATCH,NO_MATCH,0.0,no_match,transaction,
ACCOUNT_LOAN_BILL_PAYMENTS,REMAINING_INTEREST,NO_MATCH,NO_MATCH,0.0,no_match,transaction,
ACCOUNT_LOAN_BILL_PAYMENTS,TOTAL_REMAINING,NO_MATCH,NO_MATCH,0.0,no_match,transaction,
ACCOUNT_LOAN_BILL_PAYMENTS,MEMO_POST_PRINCIPAL,NO_MATCH,NO_MATCH,0.0,no_match,transaction,
ACCOUNT_LOAN_BILL_PAYMENTS,MEMO_POST_INTEREST,NO_MATCH,NO_MATCH,0.0,no_match,transaction,
ACCOUNT_LOAN_BILL_PAYMENTS,TOTAL_MEMO_POST,NO_MATCH,NO_MATCH,0.0,no_match,transaction,
ACCOUNT_LOAN_BILL_PAYMENTS,BILL_SOURCE,BILLPAYTXNBCBILLPMT,FROMACCTTYPCD,13.193545639514923,semantic_search,transaction,0.27071189880371094
ACCOUNT_LOAN_BILL_PAYMENTS,BILLED_DATE,BILLPAYTXNBCHOSTBILLPMTREV,REQUESTDATE,31.965744197368622,semantic_search,transaction,0.2520127296447754
ACCOUNT_LOAN_BILL_PAYMENTS,SYSTEM_PAID_DATE,NO_MATCH,NO_MATCH,0.0,no_match,transaction,
ACCOUNT_LOAN_BILL_PAYMENTS,BILL_PROCESSED_DUE_DATE,NO_MATCH,NO_MATCH,0.0,no_match,transaction,
ACCOUNT_LOAN_BILL_PAYMENTS,ADT_LOAD_DATE,NO_MATCH,NO_MATCH,0.0,no_match,transaction,
ACCOUNT_LOAN_BILL_PAYMENTS,ADT_FILE_SOURCE,NO_MATCH,NO_MATCH,0.0,no_match,transaction,
ACCOUNT_LOAN_BILL_PAYMENTS,ADT_HASH_KEY,NO_MATCH,NO_MATCH,0.0,no_match,transaction,
ACCOUNT_LOAN_BILL_PAYMENTS,DBT_SCD_ID,NO_MATCH,NO_MATCH,0.0,no_match,transaction,
ACCOUNT_LOAN_BILL_PAYMENTS,DBT_UPDATED_AT,NO_MATCH,NO_MATCH,0.0,no_match,transaction,
ACCOUNT_LOAN_BILL_PAYMENTS,DBT_VALID_FROM,NO_MATCH,NO_MATCH,0.0,no_match,transaction,
ACCOUNT_LOAN_BILL_PAYMENTS,DBT_VALID_TO,BILLPAYTXNACCTSUBACCT,LEDGERBAL,5.890053808689117,semantic_search,transaction,0.22897887229919434
ACCOUNT_LOAN_BILL_PAYMENTS,RECORD_SK,NO_MATCH,NO_MATCH,0.0,no_match,transaction,
ACCOUNT_LOAN_PAYMENT_SCHEDULE,ANB_ID,NO_MATCH,NO_MATCH,0.0,no_match,transaction,
ACCOUNT_LOAN_PAYMENT_SCHEDULE,ANB_SILVERLAKE_LNSCHD_ID,NO_MATCH,NO_MATCH,0.0,no_match,transaction,
ACCOUNT_LOAN_PAYMENT_SCHEDULE,ANB_ACCOUNT_ID,NO_MATCH,NO_MATCH,0.0,no_match,transaction,
ACCOUNT_LOAN_PAYMENT_SCHEDULE,ACCOUNT_NUMBER,NO_MATCH,NO_MATCH,0.0,no_match,transaction,
ACCOUNT_LOAN_PAYMENT_SCHEDULE,ACCOUNT_TYPE,NO_MATCH,NO_MATCH,0.0,no_match,transaction,
ACCOUNT_LOAN_PAYMENT_SCHEDULE,SEQUENCE_NUMBER,NO_MATCH,NO_MATCH,0.0,no_match,transaction,
ACCOUNT_LOAN_PAYMENT_SCHEDULE,BEGIN_DATE,NO_MATCH,NO_MATCH,0.0,no_match,transaction,
ACCOUNT_LOAN_PAYMENT_SCHEDULE,END_DATE,NO_MATCH,NO_MATCH,0.0,no_match,transaction,
ACCOUNT_LOAN_PAYMENT_SCHEDULE,DUE_FOR_DATE,NO_MATCH,NO_MATCH,0.0,no_match,transaction,
ACCOUNT_LOAN_PAYMENT_SCHEDULE,PAYMENT_TERM,NO_MATCH,NO_MATCH,0.0,no_match,transaction,
ACCOUNT_LOAN_PAYMENT_SCHEDULE,NO_OF_PAYMENTS_MADE,NO_MATCH,NO_MATCH,0.0,no_match,transaction,
ACCOUNT_LOAN_PAYMENT_SCHEDULE,PAYMENT_AMOUNT,NO_MATCH,NO_MATCH,0.0,no_match,transaction,
ACCOUNT_LOAN_PAYMENT_SCHEDULE,ESCROW_AMOUNT,NO_MATCH,NO_MATCH,0.0,no_match,transaction,
ACCOUNT_LOAN_PAYMENT_SCHEDULE,PI_AMOUNT,NO_MATCH,NO_MATCH,0.0,no_match,transaction,
ACCOUNT_LOAN_PAYMENT_SCHEDULE,PAYMENT_FREQUENCY,NO_MATCH,NO_MATCH,0.0,no_match,transaction,
ACCOUNT_LOAN_PAYMENT_SCHEDULE,PAYMENT_FREQUENCY_CODE_TYPE_ID,NO_MATCH,NO_MATCH,0.0,no_match,transaction,
ACCOUNT_LOAN_PAYMENT_SCHEDULE,SEMI_MONTHLY_1ST_DAY,NO_MATCH,NO_MATCH,0.0,no_match,transaction,
ACCOUNT_LOAN_PAYMENT_SCHEDULE,SEMI_MONTHLY_2ND_DAY,NO_MATCH,NO_MATCH,0.0,no_match,transaction,
ACCOUNT_LOAN_PAYMENT_SCHEDULE,PAYMENT_CODE_TYPE_ID,NO_MATCH,NO_MATCH,0.0,no_match,transaction,
ACCOUNT_LOAN_PAYMENT_SCHEDULE,SKIP_PAYMENT,NO_MATCH,NO_MATCH,0.0,no_match,transaction,
ACCOUNT_LOAN_PAYMENT_SCHEDULE,REPEAT,NO_MATCH,NO_MATCH,0.0,no_match,transaction,
ACCOUNT_LOAN_PAYMENT_SCHEDULE,REPEAT_FREQUENCY,NO_MATCH,NO_MATCH,0.0,no_match,transaction,
ACCOUNT_LOAN_PAYMENT_SCHEDULE,REPEAT_FREQUENCY_CODE_TYPE_ID,NO_MATCH,NO_MATCH,0.0,no_match,transaction,
ACCOUNT_LOAN_PAYMENT_SCHEDULE,ADT_LOAD_DATE,NO_MATCH,NO_MATCH,0.0,no_match,transaction,
ACCOUNT_LOAN_PAYMENT_SCHEDULE,ADT_FILE_SOURCE,NO_MATCH,NO_MATCH,0.0,no_match,transaction,
ACCOUNT_LOAN_PAYMENT_SCHEDULE,ADT_HASH_KEY,NO_MATCH,NO_MATCH,0.0,no_match,transaction,
ACCOUNT_LOAN_PAYMENT_SCHEDULE,DBT_SCD_ID,NO_MATCH,NO_MATCH,0.0,no_match,transaction,
ACCOUNT_LOAN_PAYMENT_SCHEDULE,DBT_VALID_FROM,NO_MATCH,NO_MATCH,0.0,no_match,transaction,
ACCOUNT_LOAN_PAYMENT_SCHEDULE,DBT_VALID_TO,NO_MATCH,NO_MATCH,0.0,no_match,transaction,
ACCOUNT_LOAN_PAYMENT_SCHEDULE,DBT_UPDATED_AT,NO_MATCH,NO_MATCH,0.0,no_match,transaction,
ACCOUNT_LOAN_PAYMENT_SCHEDULE,RECORD_SK,NO_MATCH,NO_MATCH,0.0,no_match,transaction,
ACCOUNT_LOAN_STOP_PAYMENTS,ANB_ID,NO_MATCH,NO_MATCH,0.0,no_match,transaction,
ACCOUNT_LOAN_STOP_PAYMENTS,ANB_SILVERLAKE_LNMAST_ID,NO_MATCH,NO_MATCH,0.0,no_match,transaction,
ACCOUNT_LOAN_STOP_PAYMENTS,ANB_ACCOUNT_ID,NO_MATCH,NO_MATCH,0.0,no_match,transaction,
ACCOUNT_LOAN_STOP_PAYMENTS,STOP_TAX_DISBURSEMENTS,NO_MATCH,NO_MATCH,0.0,no_match,transaction,
ACCOUNT_LOAN_STOP_PAYMENTS,STOP_TAX_DISB_EXPIRATION_DATE,NO_MATCH,NO_MATCH,0.0,no_match,transaction,
ACCOUNT_LOAN_STOP_PAYMENTS,STOP_HAZARD_DISBURSEMENTS,NO_MATCH,NO_MATCH,0.0,no_match,transaction,
ACCOUNT_LOAN_STOP_PAYMENTS,STOP_HAZARD_EXPIRY_DATE,NO_MATCH,NO_MATCH,0.0,no_match,transaction,
ACCOUNT_LOAN_STOP_PAYMENTS,STOP_OPTIONAL_INSURANCE_DISB,NO_MATCH,NO_MATCH,0.0,no_match,transaction,
ACCOUNT_LOAN_STOP_PAYMENTS,STOP_OPTIONAL_DISB_EXPIRY_DATE,NO_MATCH,NO_MATCH,0.0,no_match,transaction,
ACCOUNT_LOAN_STOP_PAYMENTS,STOP_LOAN_SALE,NO_MATCH,NO_MATCH,0.0,no_match,transaction,
ACCOUNT_LOAN_STOP_PAYMENTS,STOP_LOAN_SALE_EXPIRY_DATE,NO_MATCH,NO_MATCH,0.0,no_match,transaction,
ACCOUNT_LOAN_STOP_PAYMENTS,STOP_NOTICES,NO_MATCH,NO_MATCH,0.0,no_match,transaction,
ACCOUNT_LOAN_STOP_PAYMENTS,STOP_NOTICES_EXPIRY_DATE,NO_MATCH,NO_MATCH,0.0,no_match,transaction,
ACCOUNT_LOAN_STOP_PAYMENTS,STOP_CREDIT_REPORTING,NO_MATCH,NO_MATCH,0.0,no_match,transaction,
ACCOUNT_LOAN_STOP_PAYMENTS,STOP_CRED_RPT_EXPIRY_DATE,NO_MATCH,NO_MATCH,0.0,no_match,transaction,
ACCOUNT_LOAN_STOP_PAYMENTS,STOP_PREPAYMENTS,NO_MATCH,NO_MATCH,0.0,no_match,transaction,
ACCOUNT_LOAN_STOP_PAYMENTS,STOP_PREPAYMENTS_EXPIRY_DATE,NO_MATCH,NO_MATCH,0.0,no_match,transaction,
ACCOUNT_LOAN_STOP_PAYMENTS,STOP_ACCRUAL,NO_MATCH,NO_MATCH,0.0,no_match,transaction,
ACCOUNT_LOAN_STOP_PAYMENTS,STOP_ACCRUAL_EXPIRY_DATE,NO_MATCH,NO_MATCH,0.0,no_match,transaction,
ACCOUNT_LOAN_STOP_PAYMENTS,STOP_CORRESPONDENCE,NO_MATCH,NO_MATCH,0.0,no_match,transaction,
ACCOUNT_LOAN_STOP_PAYMENTS,STOP_CORRESP_EXPIRY_DATE,NO_MATCH,NO_MATCH,0.0,no_match,transaction,
ACCOUNT_LOAN_STOP_PAYMENTS,STOP_IRS_REPORTING,NO_MATCH,NO_MATCH,0.0,no_match,transaction,
ACCOUNT_LOAN_STOP_PAYMENTS,STOP_IRS_RPT_EXPIRY_DATE,NO_MATCH,NO_MATCH,0.0,no_match,transaction,
ACCOUNT_LOAN_STOP_PAYMENTS,STOP_STATMENTS,NO_MATCH,NO_MATCH,0.0,no_match,transaction,
ACCOUNT_LOAN_STOP_PAYMENTS,STOP_STATEMENT_EXPIRY_DATE,NO_MATCH,NO_MATCH,0.0,no_match,transaction,
ACCOUNT_LOAN_STOP_PAYMENTS,STOP_COUPON_GENERATION,NO_MATCH,NO_MATCH,0.0,no_match,transaction,
ACCOUNT_LOAN_STOP_PAYMENTS,STOP_COUPON_EXPIRY_DATE,NO_MATCH,NO_MATCH,0.0,no_match,transaction,
ACCOUNT_LOAN_STOP_PAYMENTS,STOP_ALL_ESCROW_DISBURSEMENTS,NO_MATCH,NO_MATCH,0.0,no_match,transaction,
ACCOUNT_LOAN_STOP_PAYMENTS,STOP_ESC_DISB_EXPIRY_DATE,NO_MATCH,NO_MATCH,0.0,no_match,transaction,
ACCOUNT_LOAN_STOP_PAYMENTS,STOP_ESCROW_ANALYSIS,NO_MATCH,NO_MATCH,0.0,no_match,transaction,
ACCOUNT_LOAN_STOP_PAYMENTS,STOP_ESC_ANAL_EXPIRY_DATE,NO_MATCH,NO_MATCH,0.0,no_match,transaction,
ACCOUNT_LOAN_STOP_PAYMENTS,ADT_LOAD_DATE,NO_MATCH,NO_MATCH,0.0,no_match,transaction,
ACCOUNT_LOAN_STOP_PAYMENTS,ADT_FILE_SOURCE,NO_MATCH,NO_MATCH,0.0,no_match,transaction,
ACCOUNT_LOAN_STOP_PAYMENTS,ADT_HASH_KEY,NO_MATCH,NO_MATCH,0.0,no_match,transaction,
ACCOUNT_LOAN_STOP_PAYMENTS,DBT_SCD_ID,NO_MATCH,NO_MATCH,0.0,no_match,transaction,
ACCOUNT_LOAN_STOP_PAYMENTS,DBT_UPDATED_AT,NO_MATCH,NO_MATCH,0.0,no_match,transaction,
ACCOUNT_LOAN_STOP_PAYMENTS,DBT_VALID_FROM,NO_MATCH,NO_MATCH,0.0,no_match,transaction,
ACCOUNT_LOAN_STOP_PAYMENTS,DBT_VALID_TO,NO_MATCH,NO_MATCH,0.0,no_match,transaction,
ACCOUNT_LOAN_STOP_PAYMENTS,RECORD_SK,NO_MATCH,NO_MATCH,0.0,no_match,transaction,
ACCOUNT_ONLINE_BOOKED_TRANSFER_SUMMARY,ANB_ID,NO_MATCH,NO_MATCH,0.0,no_match,transaction,
ACCOUNT_ONLINE_BOOKED_TRANSFER_SUMMARY,PERIOD,NO_MATCH,NO_MATCH,0.0,no_match,transaction,
ACCOUNT_ONLINE_BOOKED_TRANSFER_SUMMARY,TOTAL_NUMBER_OF_TRANSFERS,ACCTRTXNSVCGRPPROCESS,TRANSCOUNT,13.113162219524384,semantic_search,transaction,0.21222424507141113
ACCOUNT_ONLINE_BOOKED_TRANSFER_SUMMARY,TOTAL_TRANSFER_AMOUNT,NO_MATCH,NO_MATCH,0.0,no_match,transaction,
ACCOUNT_ONLINE_BOOKED_TRANSFER_SUMMARY,ADT_LOAD_DATE,NO_MATCH,NO_MATCH,0.0,no_match,transaction,
ACCOUNT_ONLINE_BOOKED_TRANSFER_SUMMARY,ADT_FILE_SOURCE,NO_MATCH,NO_MATCH,0.0,no_match,transaction,
ACCOUNT_ONLINE_BOOKED_TRANSFER_SUMMARY,ADT_HASH_KEY,NO_MATCH,NO_MATCH,0.0,no_match,transaction,
ACCOUNT_ONLINE_PROCESSED_TRANSFER_SUMMARY,ANB_ID,NO_MATCH,NO_MATCH,0.0,no_match,transaction,
ACCOUNT_ONLINE_PROCESSED_TRANSFER_SUMMARY,PERIOD,NO_MATCH,NO_MATCH,0.0,no_match,transaction,
ACCOUNT_ONLINE_PROCESSED_TRANSFER_SUMMARY,TOTAL_NUMBER_OF_PROCESSED_TRANSFERS,ACCTRTXNSVCGRPPROCESS,TRANSCOUNT,17.24711239337921,semantic_search,transaction,0.24968981742858887
ACCOUNT_ONLINE_PROCESSED_TRANSFER_SUMMARY,INCOMING_TRANSFERS,NO_MATCH,NO_MATCH,0.0,no_match,transaction,
ACCOUNT_ONLINE_PROCESSED_TRANSFER_SUMMARY,OUTGOING_TRANSFERS,NO_MATCH,NO_MATCH,0.0,no_match,transaction,
ACCOUNT_ONLINE_PROCESSED_TRANSFER_SUMMARY,TOTAL_PROCCESSED_TRANSFER_AMOUNT,NO_MATCH,NO_MATCH,0.0,no_match,transaction,
ACCOUNT_ONLINE_PROCESSED_TRANSFER_SUMMARY,ADT_LOAD_DATE,NO_MATCH,NO_MATCH,0.0,no_match,transaction,
ACCOUNT_ONLINE_PROCESSED_TRANSFER_SUMMARY,ADT_FILE_SOURCE,NO_MATCH,NO_MATCH,0.0,no_match,transaction,
ACCOUNT_ONLINE_PROCESSED_TRANSFER_SUMMARY,ADT_HASH_KEY,NO_MATCH,NO_MATCH,0.0,no_match,transaction,
ACCOUNT_TRANSACTION,ANB_ID,TRANSACTION,ACCTNBR,6.405888795852661,semantic_search,transaction,0.21240758895874023
ACCOUNT_TRANSACTION,ANB_TRANSACTION_ID,TRANSACTION,ACCTNBR,6.849142611026764,semantic_search,transaction,0.21502399444580078
ACCOUNT_TRANSACTION,ANB_ACCOUNT_ID,RW_TRANSACTION,ACCTNBR,2.662532329559326,semantic_search,transaction,0.21466660499572754
ACCOUNT_TRANSACTION,ACCOUNT_NUMBER,WH_RTXN,ACCTNBR,16.74855887889862,semantic_search,transaction,0.24745583534240723
ACCOUNT_TRANSACTION,ACCOUNT_TYPE,NO_MATCH,NO_MATCH,0.0,no_match,transaction,
ACCOUNT_TRANSACTION,TRANSACTION_STATUS,RTXNSTATHIST,SYS_NC00017$,8.191965222358704,semantic_search,transaction,0.1983013153076172
ACCOUNT_TRANSACTION,TRANSACTION_CODE_TYPE_ID,MJMIACCTRTXNTYP,RTXNTYPCD,11.54659241437912,semantic_search,transaction,0.21738409996032715
ACCOUNT_TRANSACTION,TRANSACTION_SEQUENCE_NUMBER,TRANSACTION,ACCTNBR,19.73790407180786,semantic_search,transaction,0.21332025527954102
ACCOUNT_TRANSACTION,TRANSACTION_DATE,TRANSACTION,POSTDATE,26.83501124382019,semantic_search,transaction,0.2696824073791504
ACCOUNT_TRANSACTION,TRANSACTION_EFFECTIVE_DATE,WH_RTXN,EFFDATE,29.203849732875824,semantic_search,transaction,0.24757814407348633
ACCOUNT_TRANSACTION,DEBIT_CREDIT_CODE,NO_MATCH,NO_MATCH,0.0,no_match,transaction,
ACCOUNT_TRANSACTION,TRANSACTION_AMOUNT,WH_RTXNBAL,AMT,6.859878301620483,semantic_search,transaction,0.26168012619018555
ACCOUNT_TRANSACTION,TRANSACTION_POSTED_BY,NO_MATCH,NO_MATCH,0.0,no_match,transaction,
ACCOUNT_TRANSACTION,POSTING_SEQUENCE_NUMBER,NO_MATCH,NO_MATCH,0.0,no_match,transaction,
ACCOUNT_TRANSACTION,UNIQUE_ROW_NUMBER,TRANSACTION,ACCTNBR,17.409014105796814,semantic_search,transaction,0.2515532970428467
ACCOUNT_TRANSACTION,TRANSACTION_SOURCE,CARDTXNPARAM,FROMTRANSACTIONDESC,0.7684808969497681,semantic_search,transaction,0.22493672370910645
ACCOUNT_TRANSACTION,EFT_TRAN_CODE_TYPE_ID,NO_MATCH,NO_MATCH,0.0,no_match,transaction,
ACCOUNT_TRANSACTION,ACH_STANDARD_ENTRY_CLASS,NO_MATCH,NO_MATCH,0.0,no_match,transaction,
ACCOUNT_TRANSACTION,TELLER_OR_EXTERNAL_TRANSACTION_CODE,NO_MATCH,NO_MATCH,0.0,no_match,transaction,
ACCOUNT_TRANSACTION,EFFECTIVE_INTEREST_RATE,NO_MATCH,NO_MATCH,0.0,no_match,transaction,
ACCOUNT_TRANSACTION,AVAILABLE_BALANCE_BEFORE_TRANSACTION,NO_MATCH,NO_MATCH,0.0,no_match,transaction,
ACCOUNT_TRANSACTION,AVAILABLE_BALANCE__AFTER_TRANSACTION,NO_MATCH,NO_MATCH,0.0,no_match,transaction,
ACCOUNT_TRANSACTION,ESCROW_PAYEE,NO_MATCH,NO_MATCH,0.0,no_match,transaction,
ACCOUNT_TRANSACTION,USER_ID,NO_MATCH,NO_MATCH,0.0,no_match,transaction,
ACCOUNT_TRANSACTION,ACH_CODE,NO_MATCH,NO_MATCH,0.0,no_match,transaction,
ACCOUNT_TRANSACTION,ACH_COMPANY_ID,ACCTSRCIDRTXNRPTGRPLMTHIST,SOURCEID,5.068948268890381,semantic_search,transaction,0.24193549156188965
ACCOUNT_TRANSACTION,ACH_COMPANY_NAME,RW_TRANSACTION_VIEW,ORGNAME,2.844127118587494,semantic_search,transaction,0.21699786186218262
ACCOUNT_TRANSACTION,ADT_LOAD_DATE,TRANSACTION,ACTDATETIME,15.357185006141663,semantic_search,transaction,0.2200455665588379
ACCOUNT_TRANSACTION,ADT_FILE_SOURCE,NO_MATCH,NO_MATCH,0.0,no_match,transaction,
ACCOUNT_TRANSACTION,ADT_HASH_KEY,NO_MATCH,NO_MATCH,0.0,no_match,transaction,
ACCOUNT_TRANSACTION_CODE_TYPE,ANB_ID,TRANSACTION,ACCTNBR,12.93229192495346,semantic_search,transaction,0.20756983757019043
ACCOUNT_TRANSACTION_CODE_TYPE,TRANSACTION_CODE,NO_MATCH,NO_MATCH,0.0,no_match,transaction,
ACCOUNT_TRANSACTION_CODE_TYPE,TRANSACTION_CATEGORY,RTXNTYPCAT,RTXNTYPCATCD,18.81346434354782,semantic_search,transaction,0.23905563354492188
ACCOUNT_TRANSACTION_CODE_TYPE,TRANSACTION_DESCRIPTON,CARDTXNPARAM,FROMTRANSACTIONDESC,11.926865875720978,semantic_search,transaction,0.20448064804077148
ACCOUNT_TRANSACTION_CODE_TYPE,DEBIT_CREDIT_CODE,NO_MATCH,NO_MATCH,0.0,no_match,transaction,
ACCOUNT_TRANSACTION_CODE_TYPE,AFFECTS_BALANCE_OR_INTEREST,NO_MATCH,NO_MATCH,0.0,no_match,transaction,
ACCOUNT_TRANSACTION_CODE_TYPE,STATEMENT_DESCRIPTION,CARDTXNPARAM,FROMTRANSACTIONDESC,21.48028790950775,semantic_search,transaction,0.21320581436157227
ACCOUNT_TRANSACTION_CODE_TYPE,LAST_ACTIVE_DATE,ACCTSRCIDRTXNRPTGRPLMTHIST,INACTIVEDATE,16.68756455183029,semantic_search,transaction,0.21439075469970703
ACCOUNT_TRANSACTION_CODE_TYPE,EFT_TYPE_CODE,RTXNTYP,RTXNTYPCATCD,1.908627450466156,semantic_search,transaction,0.21984624862670898
ACCOUNT_TRANSACTION_CODE_TYPE,CHANNEL,RTXNTYP,RTXNTYPCATCD,1.5252584218978882,semantic_search,transaction,0.21365094184875488
ACCOUNT_TRANSACTION_CODE_TYPE,TRANSACTION_TYPE,MJMIACCTRTXNTYP,RTXNTYPCD,15.390927195549011,semantic_search,transaction,0.21615123748779297
ACCOUNT_TRANSACTION_CODE_TYPE,TRANSACTION_GROUP_DETAIL,NO_MATCH,NO_MATCH,0.0,no_match,transaction,
ACCOUNT_TRANSACTION_CODE_TYPE,ARGO_CONTRIBUTION_TYPE,NO_MATCH,NO_MATCH,0.0,no_match,transaction,
ACCOUNT_TRANSACTION_CODE_TYPE,ADT_LOAD_DATE,TRANSACTION,ACTDATETIME,14.505301117897034,semantic_search,transaction,0.21748018264770508
ACCOUNT_TRANSACTION_CODE_TYPE,ADT_FILE_SOURCE,NO_MATCH,NO_MATCH,0.0,no_match,transaction,
ACCOUNT_TRANSACTION_CODE_TYPE,ADT_HASH_KEY,NO_MATCH,NO_MATCH,0.0,no_match,transaction,
ACCOUNT_TRANSACTION_CODE_TYPE,DBT_SCD_ID,NO_MATCH,NO_MATCH,0.0,no_match,transaction,
ACCOUNT_TRANSACTION_CODE_TYPE,DBT_UPDATED_AT,NO_MATCH,NO_MATCH,0.0,no_match,transaction,
ACCOUNT_TRANSACTION_CODE_TYPE,DBT_VALID_FROM,CASHBOXTXNTYP,TRANVALYN,10.403735339641571,semantic_search,transaction,0.23428058624267578
ACCOUNT_TRANSACTION_CODE_TYPE,DBT_VALID_TO,CASHBOXTXNTYP,TRANVALYN,9.089370667934418,semantic_search,transaction,0.23192691802978516
ACCOUNT_TRANSACTION_CODE_TYPE,RECORD_SK,TRANSACTION,REGDYN,3.6354777216911316,semantic_search,transaction,0.268923282623291
ACCOUNT_WIRE_ACTIVITY_SUMMARY,ANB_ID,NO_MATCH,NO_MATCH,0.0,no_match,transaction,
ACCOUNT_WIRE_ACTIVITY_SUMMARY,COMPANY_ID,NO_MATCH,NO_MATCH,0.0,no_match,transaction,
ACCOUNT_WIRE_ACTIVITY_SUMMARY,COMPANY_NAME,NO_MATCH,NO_MATCH,0.0,no_match,transaction,
ACCOUNT_WIRE_ACTIVITY_SUMMARY,USER_ID,NO_MATCH,NO_MATCH,0.0,no_match,transaction,
ACCOUNT_WIRE_ACTIVITY_SUMMARY,USER_NAME,NO_MATCH,NO_MATCH,0.0,no_match,transaction,
ACCOUNT_WIRE_ACTIVITY_SUMMARY,TOTAL_WIRES,NO_MATCH,NO_MATCH,0.0,no_match,transaction,
ACCOUNT_WIRE_ACTIVITY_SUMMARY,CURRENCIES,FUNDTRANSFERCREDIT,ACCTCURRENCYAMOUNT,2.922600507736206,semantic_search,transaction,0.23916912078857422
ACCOUNT_WIRE_ACTIVITY_SUMMARY,ADT_LOAD_DATE,NO_MATCH,NO_MATCH,0.0,no_match,transaction,
ACCOUNT_WIRE_ACTIVITY_SUMMARY,ADT_FILE_SOURCE,NO_MATCH,NO_MATCH,0.0,no_match,transaction,
ACCOUNT_WIRE_ACTIVITY_SUMMARY,ADT_HASH_KEY,NO_MATCH,NO_MATCH,0.0,no_match,transaction,
ACCOUNT_WIRE_ACTIVITY_SUMMARY,DBT_SCD_ID,NO_MATCH,NO_MATCH,0.0,no_match,transaction,
ACCOUNT_WIRE_ACTIVITY_SUMMARY,DBT_UPDATED_AT,NO_MATCH,NO_MATCH,0.0,no_match,transaction,
ACCOUNT_WIRE_ACTIVITY_SUMMARY,DBT_VALID_FROM,NO_MATCH,NO_MATCH,0.0,no_match,transaction,
ACCOUNT_WIRE_ACTIVITY_SUMMARY,DBT_VALID_TO,NO_MATCH,NO_MATCH,0.0,no_match,transaction,
ACCOUNT_WIRE_ACTIVITY_SUMMARY,RECORD_SK,NO_MATCH,NO_MATCH,0.0,no_match,transaction,
